{
  "best_model": "random_forest",
  "cv_results": {
    "decision_tree": {
      "f1_mean": 0.01595303458251985,
      "f1_std": 0.007664809319721692,
      "roc_auc_mean": 0.7258798100691035,
      "roc_auc_std": 0.004233381697630104
    },
    "random_forest": {
      "f1_mean": 0.0007835613434913978,
      "f1_std": 0.0005705074174121912,
      "roc_auc_mean": 0.739354126849155,
      "roc_auc_std": 0.003356332788851945
    }
  },
  "test_metrics": {
    "decision_tree": {
      "classification_report": {
        "0": {
          "precision": 0.8002276348736627,
          "recall": 0.9963156104750028,
          "f1-score": 0.8875703789734138,
          "support": 17642.0
        },
        "1": {
          "precision": 0.5357142857142857,
          "recall": 0.016804839793860632,
          "f1-score": 0.0325874429719748,
          "support": 4463.0
        },
        "accuracy": 0.7985523637186157,
        "macro avg": {
          "precision": 0.6679709602939742,
          "recall": 0.5065602251344318,
          "f1-score": 0.4600789109726943,
          "support": 22105.0
        },
        "weighted avg": {
          "precision": 0.7468223836952731,
          "recall": 0.7985523637186157,
          "f1-score": 0.7149493048555933,
          "support": 22105.0
        }
      },
      "roc_auc": 0.7196267078824155
    },
    "random_forest": {
      "classification_report": {
        "0": {
          "precision": 0.7981447963800905,
          "recall": 0.9998299512526925,
          "f1-score": 0.8876755070202809,
          "support": 17642.0
        },
        "1": {
          "precision": 0.4,
          "recall": 0.00044812906116961686,
          "f1-score": 0.0008952551477170994,
          "support": 4463.0
        },
        "accuracy": 0.7980547387468898,
        "macro avg": {
          "precision": 0.5990723981900452,
          "recall": 0.500139040156931,
          "f1-score": 0.44428538108399895,
          "support": 22105.0
        },
        "weighted avg": {
          "precision": 0.7177593529851869,
          "recall": 0.7980547387468898,
          "f1-score": 0.7086345541088467,
          "support": 22105.0
        }
      },
      "roc_auc": 0.7331370865712851
    }
  },
  "hyperparameters": {
    "decision_tree": {
      "max_depth": 6,
      "min_samples_leaf": 50,
      "random_state": 42
    },
    "random_forest": {
      "n_estimators": 300,
      "max_depth": 12,
      "min_samples_leaf": 5,
      "max_features": "sqrt",
      "random_state": 42,
      "n_jobs": -1
    }
  }
}